{
  "checkpoint": "checkpoints/model_4751360.pt",
  "seed": 3,
  "reward": 928.399999999993,
  "steps": 716,
  "smoothness": 0.22744665086737748,
  "combined_score": 735.1471079512485
}