{
  "highway-v0": 153.24792626728066,
  "roundabout-v0": 49.1666666666667,
  "parking-v0": -8.140226460803948
}