{
  "highway-v0": 146.9333333333331,
  "roundabout-v0": 45.83333333333336,
  "parking-v0": -8.912710472878802
}