{
  "highway-v0": 233.68248328456488,
  "roundabout-v0": 49.1666666666667,
  "parking-v0": -8.814443139917035
}